{"entities":{"pages":{"community-server-documentation":{"id":"community-server-documentation","title":"Community Server Dokumentation","url":"community-server-documentation.html","level":0,"tabIndex":0},"Welcome":{"id":"Welcome","title":"Community Server","url":"welcome.html","level":0,"pages":["rules","how-to-join","support","commands","specials","servers","plots-homepage","economy","custom-enchantments","light-blocks-and-invisible-item-frames","channels","oi77km_798","oi77km_799","shops-starting-page","cosmetics","map-downloads"],"tabIndex":1},"rules":{"id":"rules","title":"Regeln","url":"rules.html","level":1,"parentId":"Welcome","pages":["verified-mods"],"tabIndex":0},"verified-mods":{"id":"verified-mods","title":"Geprüfte Modifikationen","url":"verified-mods.html","level":2,"parentId":"rules","tabIndex":0},"how-to-join":{"id":"how-to-join","title":"Wie kann ich dem Server beitreten?","url":"how-to-join.html","level":1,"parentId":"Welcome","tabIndex":1},"support":{"id":"support","title":"Support, Erstattungen \u0026 Bugreport","url":"support.html","level":1,"parentId":"Welcome","tabIndex":2},"commands":{"id":"commands","title":"Befehle","url":"commands.html","level":1,"parentId":"Welcome","tabIndex":3},"specials":{"id":"specials","title":"Besonderheiten","url":"specials.html","level":1,"parentId":"Welcome","pages":["events","changed-vanilla-mechanics"],"tabIndex":4},"events":{"id":"events","title":"Events","url":"events.html","level":2,"parentId":"specials","tabIndex":0},"changed-vanilla-mechanics":{"id":"changed-vanilla-mechanics","title":"Geänderte Vanilla Mechaniken","url":"changed-vanilla-mechanics.html","level":2,"parentId":"specials","tabIndex":1},"servers":{"id":"servers","title":"Die verschiedenen Server","url":"servers.html","level":1,"parentId":"Welcome","tabIndex":5},"plots-homepage":{"id":"plots-homepage","title":"Gründstücke","url":"plots-homepage.html","level":1,"parentId":"Welcome","pages":["plot-creation","plot-expand","plot-add-member","plot-edit-flags","plot-rename","plot-visualizer","plot-other"],"tabIndex":6},"plot-creation":{"id":"plot-creation","title":"Grundstücke erstellen","url":"plot-creation.html","level":2,"parentId":"plots-homepage","tabIndex":0},"plot-expand":{"id":"plot-expand","title":"Grundstück erweitern","url":"plot-expand.html","level":2,"parentId":"plots-homepage","tabIndex":1},"plot-add-member":{"id":"plot-add-member","title":"Mitglieder bearbeiten","url":"plot-add-member.html","level":2,"parentId":"plots-homepage","tabIndex":2},"plot-edit-flags":{"id":"plot-edit-flags","title":"Flags bearbeiten","url":"plot-edit-flags.html","level":2,"parentId":"plots-homepage","tabIndex":3},"plot-rename":{"id":"plot-rename","title":"Grundstück umbenennen","url":"plot-rename.html","level":2,"parentId":"plots-homepage","tabIndex":4},"plot-visualizer":{"id":"plot-visualizer","title":"Visualizer","url":"plot-visualizer.html","level":2,"parentId":"plots-homepage","tabIndex":5},"plot-other":{"id":"plot-other","title":"Sonstiges","url":"plot-other.html","level":2,"parentId":"plots-homepage","tabIndex":6},"economy":{"id":"economy","title":"Economy-System","url":"economy.html","level":1,"parentId":"Welcome","tabIndex":7},"custom-enchantments":{"id":"custom-enchantments","title":"Custom-Enchantments","url":"custom-enchantments.html","level":1,"parentId":"Welcome","pages":["oi77km_795"],"tabIndex":8},"oi77km_795":{"id":"oi77km_795","title":"Herkunft der Enchantments","level":2,"parentId":"custom-enchantments","tabIndex":0},"light-blocks-and-invisible-item-frames":{"id":"light-blocks-and-invisible-item-frames","title":"Lightblocks \u0026 unsichtbare ItemFrames","url":"light-blocks-and-invisible-item-frames.html","level":1,"parentId":"Welcome","tabIndex":9},"channels":{"id":"channels","title":"Textkanäle","url":"channels.html","level":1,"parentId":"Welcome","tabIndex":10},"oi77km_798":{"id":"oi77km_798","title":"Rangübersicht","level":1,"parentId":"Welcome","tabIndex":11},"oi77km_799":{"id":"oi77km_799","title":"PvP","level":1,"parentId":"Welcome","tabIndex":12},"shops-starting-page":{"id":"shops-starting-page","title":"Shops","url":"shops-starting-page.html","level":1,"parentId":"Welcome","pages":["make-shop","create-shop","manage-shop"],"tabIndex":13},"make-shop":{"id":"make-shop","title":"Shop herstellen","url":"make-shop.html","level":2,"parentId":"shops-starting-page","tabIndex":0},"create-shop":{"id":"create-shop","title":"Shop erstellen","url":"create-shop.html","level":2,"parentId":"shops-starting-page","tabIndex":1},"manage-shop":{"id":"manage-shop","title":"Shop verwalten","url":"manage-shop.html","level":2,"parentId":"shops-starting-page","pages":["delete-shop"],"tabIndex":2},"delete-shop":{"id":"delete-shop","title":"Shop löschen","url":"delete-shop.html","level":3,"parentId":"manage-shop","tabIndex":0},"cosmetics":{"id":"cosmetics","title":"Köpfe und Rüstungsständer","url":"cosmetics.html","level":1,"parentId":"Welcome","pages":["armorstand"],"tabIndex":14},"armorstand":{"id":"armorstand","title":"Rüstungsständer","url":"armorstand.html","level":2,"parentId":"cosmetics","tabIndex":0},"map-downloads":{"id":"map-downloads","title":"Map Downloads","url":"map-downloads.html","level":1,"parentId":"Welcome","tabIndex":15},"contribution":{"id":"contribution","title":"Contribution","url":"contribution.html","level":0,"pages":["doc-contribution"],"tabIndex":2},"doc-contribution":{"id":"doc-contribution","title":"Dokumentation Contribution","url":"doc-contribution.html","level":1,"parentId":"contribution","pages":["fork-repo","install-writerside","write-documentation","update-project","publish-changes","create-merge-request"],"tabIndex":0},"fork-repo":{"id":"fork-repo","title":"Repository anlegen","url":"fork-repo.html","level":2,"parentId":"doc-contribution","tabIndex":0},"install-writerside":{"id":"install-writerside","title":"WriterSide Installieren","url":"install-writerside.html","level":2,"parentId":"doc-contribution","tabIndex":1},"write-documentation":{"id":"write-documentation","title":"Dokumentation schreiben","url":"write-documentation.html","level":2,"parentId":"doc-contribution","pages":["function-overviews"],"tabIndex":2},"function-overviews":{"id":"function-overviews","title":"Markdown in WriterSide verwenden","url":"function-overviews.html","level":3,"parentId":"write-documentation","tabIndex":0},"update-project":{"id":"update-project","title":"Projekt \u0026 Fork Updaten","url":"update-project.html","level":2,"parentId":"doc-contribution","tabIndex":3},"publish-changes":{"id":"publish-changes","title":"Änderungen Veröffentlichen","url":"publish-changes.html","level":2,"parentId":"doc-contribution","tabIndex":4},"create-merge-request":{"id":"create-merge-request","title":"Merge Request erstellen","url":"create-merge-request.html","level":2,"parentId":"doc-contribution","tabIndex":5},"faq":{"id":"faq","title":"Häufige Fragen","url":"faq.html","level":0,"tabIndex":3},"troubleshooting":{"id":"troubleshooting","title":"Häufige Probleme","url":"troubleshooting.html","level":0,"tabIndex":4}}},"topLevelIds":["community-server-documentation","Welcome","contribution","faq","troubleshooting"]}