{"title":"Grundstücke","subtitle":"Auf dem Server können Spieler Grundstücke beanspruchen und gestalten. Die Anzahl der beanspruchbaren Blöcke erhöht sich mit der Spielzeit und Grundstücke können durch Platzieren von Redstone-Fackeln definiert werden.","tips":[{"title":"Grundstück erstellen","description":"Hier erfährst du, wie du ein Grundstück erstellst.","url":"plot-creation.html","type":"tools"},{"title":"Mitglieder verwalten","description":"So kannst du die Mitglieder deines Grundstücks verwalten.","url":"plot-add-member.html","type":"community"}],"main":{"title":"Grundstücke","data":[{"title":"Grundstück erweitern","description":"So kannst du dein Grundstück erweitern.","url":"plot-expand.html"},{"title":"Flags bearbeiten","description":"So kannst du die Flags deines Grundstücks bearbeiten.","url":"plot-edit-flags.html"}]},"highlighted":{"title":"Sonstiges","data":[{"title":"Visualizer","description":"So kannst du dir andere Grundstücke anzeigen lassen.","url":"plot-visualizer.html"},{"title":"Sonstiges","description":"Hier findest du weitere Informationen zu Grundstücken.","url":"plot-other.html"}]},"prevNextLinks":{"prevPageTitle":"Die verschiedenen Server","nextPageUrl":"plot-creation.html","nextPageTitle":"Grundst\u0026uuml;cke erstellen","prevPageUrl":"servers.html"}}