{"title":"Shops","subtitle":"Eröffne Shops auf dem Shop Server, um mit Items zu handeln und CastCoins zu verdienen.","tips":[{"title":"Shop herstellen","description":"Hier erfährst du, wie du einen Shop herstellen kannst.","url":"make-shop.html","type":"tools"},{"title":"Shop verwalten","description":"Hier erfährst du, wie du deinen Shop verwalten kannst.","url":"manage-shop.html","type":"settings"}],"main":{"title":"Los geht\u0027s","data":[{"title":"Shop erstellen","description":"Shop hergestellt? Hier lernst du, wie du ihn erstellst.","url":"create-shop.html"},{"title":"Shop löschen","description":"Möchtest du deinen Shop löschen? Hier wird erklärt, wie das geht.","url":"delete-shop.html"}]},"highlighted":{"title":"Shop Server","data":[{"title":"Shop Server","description":"Du weißt nicht wie du auf den Shop Server gelangst? Kein Problem! Hier werden dir alle Server und wie du sie betreten kannst erklärt.","url":"servers.html"}]},"prevNextLinks":{"prevPageTitle":"Textkan\u0026auml;le","nextPageUrl":"make-shop.html","nextPageTitle":"Shop herstellen","prevPageUrl":"channels.html"}}