{"title":"Community Server Dokumentation","subtitle":"Dies ist der Community Server für die Zuschauer von CastCrafter. Hier findest du alle Informationen, die du brauchst, um auf dem Server spielen zu können.","tips":[{"title":"Regeln","description":"Lerne die Regeln des Community Servers kennen, bevor du auf ihm spielst.","url":"rules.html","type":"install"},{"title":"Wie kann ich dem Server beitreten?","description":"Du benötigst die Java-Edition in der Version 1.20.4, um auf dem Server spielen zu können.","url":"how-to-join.html","type":"start"}],"main":{"title":"Features","data":[{"title":"Gründstücke","description":"Auf dem Server können Spieler Grundstücke beanspruchen und gestalten. Die Anzahl der beanspruchbaren Blöcke\n            erhöht sich mit der Spielzeit und Grundstücke können durch Platzieren von Redstone-Fackeln definiert werden.","url":"plots-homepage.html"},{"title":"Economy-System","description":"Auf dem Community Server gibt es verschiedene Währungen, darunter z.B. CastCoins. Wie du sie bekommst und wofür du sie ausgeben kannst, erfährst du hier.","url":"economy.html"},{"title":"Custom-Enchantments","description":"Auf dem Server gibt es eigene Enchantments. Diese entfernen sich jedoch nicht allzu weit von Vanilla, sondern spielen eher eine Quality-Of-Live Rolle. Ein gutes Beispiel hierfür ist das Enchantment Replenish, welches euch ermöglicht alle möglichen Pflanzen beim Ernten automatisch…","url":"custom-enchantments.html"},{"title":"Shops","description":"Shops Eröffne Shops auf dem Shop Server, um mit Items zu handeln und CastCoins zu verdienen. Los geht\u0027s Shop Server Shop Server","url":"shops-starting-page.html"}]},"highlighted":{"title":"Besonderheiten","data":[{"title":"Geänderte Vanilla Mechaniken","description":"Auf dem Community Server gibt es einige veränderte Vanilla-Mechaniken. Welche das sind, erfährst du hier.","url":"changed-vanilla-mechanics.html"},{"title":"Köpfe und Rüstungsständer","description":"Mit dem Befehl /hdb hast du Zugriff auf ein Menü, mit dem du verschiedene Köpfe erhalten kannst, die du zum Bauen verwenden kannst.","url":"cosmetics.html"},{"title":"Events","description":"Auf dem Community Server finden regelmäßig Events statt. Welche das sind, erfährst du hier.","url":"events.html"},{"title":"Besonderheiten","description":"Hier findest du eine Übersicht über alle Besonderheiten, die du auf dem Community Server finden kannst.","url":"specials.html"}]},"groups":[{"title":"Andere relevante Themen","type":"cards","display":"normal","data":[{"title":"Support, Erstattungen \u0026 Bugreport","description":"Hier erfährst du wie du den Support kontaktierst, um z.B. Griefing oder einen Bug zu melden.","url":"support.html"},{"title":"Die verschiedenen Server","description":"Auf dem Community Server gibt es verschiedene Server. Hier erfährst du wie du sie betrittst und was du auf ihnen tun kannst.","url":"servers.html"},{"title":"Befehle","description":"Hier findest du eine Übersicht über alle Commands, die du auf dem Community Server nutzen kannst.","url":"commands.html"},{"title":"Häufige Fragen","description":"Hier findest du Antworten auf häufig gestellte Fragen.","url":"faq.html"},{"title":"Häufige Probleme","description":"Hier findest du Lösungsansätze für häufige Probleme","url":"troubleshooting.html"},{"title":"Map Downloads","description":"Hier findest du die Downloads zu den alten Maps.","url":"map-downloads.html"}]}],"prevNextLinks":{"nextPageUrl":"welcome.html","nextPageTitle":"Community Server"}}