{"entities":{"pages":{"Welcome":{"id":"Welcome","title":"CastCrafter Community Server","url":"welcome.html","level":0,"pages":["rules","how-to-join","support","verified-mods","plots","economy","cosmetics","map-downloads"],"tabIndex":0},"rules":{"id":"rules","title":"Regeln","url":"rules.html","level":1,"parentId":"Welcome","tabIndex":0},"how-to-join":{"id":"how-to-join","title":"Wie kann ich dem Server beitreten?","url":"how-to-join.html","level":1,"parentId":"Welcome","tabIndex":1},"support":{"id":"support","title":"Support und Erstattungen","url":"support.html","level":1,"parentId":"Welcome","tabIndex":2},"verified-mods":{"id":"verified-mods","title":"Geprüfte Modifikationen","url":"verified-mods.html","level":1,"parentId":"Welcome","tabIndex":3},"plots":{"id":"plots","title":"Grundstücke","url":"plots.html","level":1,"parentId":"Welcome","tabIndex":4},"economy":{"id":"economy","title":"Economy-System","url":"economy.html","level":1,"parentId":"Welcome","tabIndex":5},"cosmetics":{"id":"cosmetics","title":"Köpfe und Rüstungsständer","url":"cosmetics.html","level":1,"parentId":"Welcome","tabIndex":6},"map-downloads":{"id":"map-downloads","title":"Map Downloads","url":"map-downloads.html","level":1,"parentId":"Welcome","tabIndex":7},"Fragen":{"id":"Fragen","title":"Fragen","url":"fragen.html","level":0,"tabIndex":1}}},"topLevelIds":["Welcome","Fragen"]}